file_name,label
001.png,2
002.png,2
003.png,2
004.png,2
005.png,2
006.png,2
007.png,2
008.png,2
009.png,2
010.png,2
011.png,2
012.png,2
013.png,2
014.png,2
015.png,2
016.png,2
017.png,2
018.png,2
019.png,2
020.png,7
021.png,2
022.png,2
023.png,2
024.png,2
025.png,2
026.png,2
027.png,2
028.png,2
029.png,2
030.png,2
031.png,2
032.png,2
033.png,2
034.png,2
035.png,2
036.png,2
037.png,2
038.png,2
039.png,2
040.png,2
041.png,2
042.png,2
043.png,2
044.png,2
045.png,2
046.png,2
047.png,2
048.png,2
049.png,2
050.png,2
051.png,2
052.png,2
053.png,2
054.png,2
055.png,2
056.png,4
057.png,2
058.png,2
059.png,2
060.png,2
061.png,7
062.png,2
063.png,2
064.png,2
065.png,7
066.png,5
067.png,2
068.png,2
069.png,2
070.png,2
071.png,2
072.png,2
073.png,2
074.png,2
075.png,2
076.png,4
077.png,2
078.png,7
079.png,2
080.png,2
081.png,2
082.png,2
083.png,2
084.png,2
085.png,2
086.png,2
087.png,10-1
088.png,2
089.png,2
090.png,2
091.png,2
092.png,2
093.png,2
094.png,2
095.png,4
096.png,2
097.png,2
098.png,2
099.png,2
100.png,2
101.png,2
102.png,2
103.png,2
104.png,2
105.png,2
106.png,2
107.png,2
108.png,2
109.png,2
110.png,2
111.png,2
112.png,2
113.png,2
114.png,2
115.png,2
116.png,2
117.png,2
118.png,2
119.png,2
120.png,2
121.png,2
122.png,2
123.png,2
124.png,2
125.png,5
126.png,2
127.png,2
128.png,2
129.png,2
130.png,2
131.png,2
132.png,2
133.png,2
134.png,2
135.png,5
136.png,2
137.png,7
138.png,2
139.png,2
140.png,5
141.png,2
142.png,2
143.png,5
144.png,10-1
145.png,7
146.png,2
147.png,2
148.png,2
149.png,10-1
150.png,5
151.png,2
152.png,2
153.png,2
154.png,2
155.png,2
156.png,2
157.png,2
158.png,2
159.png,2
160.png,2
161.png,5
162.png,2
163.png,2
164.png,2
165.png,2
166.png,2
167.png,2
168.png,2
169.png,7
170.png,2
171.png,2
172.png,5
173.png,2
174.png,2
175.png,2
176.png,2
177.png,2
178.png,2
179.png,2
180.png,5
181.png,2
182.png,4
183.png,2
184.png,2
185.png,2
186.png,2
187.png,2
188.png,2
189.png,2
190.png,2
191.png,2
192.png,2
193.png,2
194.png,2
195.png,2
196.png,2
197.png,2
198.png,2
199.png,2
200.png,5
201.png,2
202.png,2
203.png,2
204.png,2
205.png,2
206.png,2
207.png,5
208.png,2
209.png,2
210.png,2
211.png,2
212.png,2
213.png,2
214.png,2
215.png,2
